Moisture,Temperature,Humidity,Irrigation_Needed
3857.5559202654345,31.066915136889058,79.3097876954083,1
3936.1524067157366,26.99643004533569,79.50114078024149,1
1000.7083553240564,44.020991010019,48.42714826633709,0
1107.1150356933572,18.57402102893178,36.21810095975874,0
3885.1422434960273,26.985269569752955,53.66601116312089,1
2468.663602626517,43.94521281225313,40.13626840439194,1
3923.097593132914,41.41658083760304,69.79246398805986,1
3912.6434009967843,39.39431652832275,51.58335016983441,1
3877.68822080474,23.3045216051315,87.95317229487272,1
3764.38262742591,20.585266004102294,67.7307253002984,1
1011.5794754476507,35.06629808373948,79.14253036366937,0
3939.097289956109,43.27049283805238,38.03395773853817,1
2384.3716667955014,31.828032422617742,81.86335727710582,1
1134.554019613243,31.76684531766993,85.02008998313035,0
2464.146135121664,23.943377991290376,60.056870737130296,1
2439.695102292993,37.87221710881273,66.72349151237111,1
2372.5516691124235,20.25498809546707,77.19084064331118,1
2458.0040335523245,24.55880790818074,41.205490847514135,1
1175.6394929259357,27.56917037412531,59.78530405287864,0
1070.378130375432,30.648681916399347,54.75952321940608,0
2514.3000801810267,22.71218079589632,37.37457053499288,1
2451.07651329969,17.98350396093867,51.609651266369355,1
1111.7612393408351,33.683022059491634,33.32194202542652,0
968.9817347866338,23.73765273377066,33.82892593683616,0
1090.3933307344441,32.4576081885074,39.64718180359412,0
3925.774956666399,19.725462528431695,88.16825423278951,1
3906.3187216691413,28.93711425128203,61.814709216085284,1
3999.9625239947304,31.057881266005886,88.03566694967,1
2429.837258209657,16.895360869530265,58.13961960581889,1
3921.9800771629607,24.84164206234091,48.593903133142334,1
2496.2814071647167,18.778259541697754,61.10361660898106,1
2302.2095975178663,16.800990182526625,56.91250321349455,1
3964.675385170153,44.34184027790878,35.04367174313171,1
2420.080979918085,24.179778748700922,68.3210273693242,1
3891.6192956048,38.72090572864702,43.656159555241544,1
3883.0043693828816,23.11044791031622,65.58395508099524,1
1043.7972239155783,35.67042014537776,68.32279306846765,0
3882.585424917069,37.80714070755737,39.257994815282395,1
1063.2303007199073,32.93427157645378,33.005994893930776,0
3930.5816921098844,29.097197957854327,76.97942193638062,1
4039.048788552553,26.872378473761596,58.78574645858085,1
949.8344249531949,24.559591534366355,32.419714170734686,0
1034.622938160834,42.974716169836825,89.94198234912456,0
3877.4193674960425,39.85321494269822,33.92205692485776,1
2482.6762839723306,43.37225489048243,71.38996483162205,1
1098.0181360041447,18.940580851253085,88.35427180818331,0
2429.8948485296705,36.93910122134793,43.74316587151174,1
2393.3264944237817,43.19328036822899,38.42253297223302,1
2463.636851365566,19.977627138301443,36.980616165946046,1
1088.884473839023,17.349843989594945,47.38535536168291,0
2448.426566296199,37.34385544702456,37.48284788647848,1
1044.375296954663,31.94754978496753,70.72116476549729,0
2339.4568115283273,41.024508146019755,32.66665154083856,1
3845.2917748332184,19.767025441632395,59.053185967880914,1
3935.2777230331326,38.24174749493892,90.87714723412415,1
977.8416464396232,20.284067130130328,78.36819373352303,0
3947.606777232228,19.896176254819586,66.62359540370727,1
3969.0193793025323,20.867953128892115,48.95507247557833,1
2399.360853114176,39.2548740585527,66.32240045029022,1
1107.768677760973,34.245191214618835,62.09849759064256,1
2549.7570542511376,31.00493081023592,55.16033987134799,1
2465.150861485169,26.471688731189168,39.19725206922408,1
2377.5659206811333,41.53857523877516,83.0598825429086,1
2481.152504471555,26.940661369880512,54.943076757855216,1
2415.0870196186006,39.58458178536348,40.440139830467864,1
2468.2455310998107,27.509368186225025,51.3768677994396,1
2511.748602262456,25.922884900676944,55.34286010284102,1
1001.66216669143,29.78813140262002,79.38958112555157,0
3897.4541666202463,24.11942075342866,74.54091936835029,1
2348.0739550086478,37.425953974182924,75.59007285422753,1
2338.325129942237,30.51213198161657,30.358109211835636,1
2448.8767898894225,22.04481805276679,54.68041320883746,1
2548.0092013609838,41.96662334574081,57.536838003886544,1
2412.090556406238,26.734690588063867,31.610926289404954,1
2372.7582014124264,31.711967323359644,44.06823242167791,1
3957.4663365846427,41.618747214247435,75.4222416720409,1
3952.9136151337607,33.77930430641716,38.931025295102984,0
2470.399253509433,19.067930247773383,63.034816532224916,1
3866.037178859559,43.4710128223195,41.595385676453446,1
1098.68673584642,34.188212873042424,30.84269671460812,0
2460.556303947913,24.95415251649846,45.44596580841246,1
1097.3986853159413,18.97516224505098,89.31709050336744,0
1021.5980752778196,39.0392747375852,77.19303183797477,0
2508.121767202105,33.48833909715327,87.69102967151527,1
3915.606888757376,30.162226370157338,58.710080963363424,1
1161.7107121454285,42.19524171827476,36.82830122635482,0
2357.78496791845,38.91327591957079,63.492911844775634,1
1104.690280565262,20.083716208233902,56.67314628016893,0
1072.826430563002,23.268031588007663,81.45482178332476,0
1119.958885361332,21.721170525643597,34.36807604422765,0
1052.0688989947187,37.66453218115011,59.03539241289901,0
3845.950852098146,15.567168915510942,38.09645622933837,1
991.3567524037035,31.5701008391655,48.557128956252676,0
1141.0590574052846,37.80148265663746,73.52931679587773,0
1234.1601564018335,41.01341925349714,59.567771873485135,0
3984.758301852509,24.577735045283667,52.617093831249605,1
1072.3872128864166,39.37650619390257,54.14761674606768,1
1066.3599379913835,18.102641775352264,57.42179867423196,0
3870.6344462366874,39.881731643420345,77.78750143992893,1
3951.995950813134,18.974524568537596,83.20028601099541,1
3851.6485071676034,26.611744141757836,89.35343514893546,1
1155.6622225869187,38.55245808502823,77.35626321476495,1
3871.25608798453,19.752139625452717,49.39320865968477,1
3954.0031218047634,21.506582918251567,71.3784217514952,1
1001.9497916072173,36.119204725985135,57.018768235501106,0
3837.6027706066734,36.23434485710385,45.273097073159136,1
1141.7535705459293,33.77176342409236,77.44992462372262,0
2385.2066473056107,36.34427205861727,32.60155192680307,1
3967.7508669451527,30.788106674417918,82.69165899024176,1
2461.4665916800004,22.658654506532205,57.95220362367407,1
1155.3851874327663,25.554792101895618,68.58195388710236,0
3932.9120265846577,20.667053866558692,70.30082494794253,1
1159.7066098627079,42.92154263228029,83.14710474735718,0
2462.497310284338,32.34024220856845,67.48119498797625,1
1062.5451535401592,27.241410799060667,67.19677864488314,0
3914.9111984481538,28.7617320902129,34.00206782578565,1
3938.7910375529004,42.768921123814884,61.12573634799773,1
2440.147205905088,19.929085777267495,37.84548386837316,1
1187.5501419755858,32.680067041814766,74.47596505793481,0
3869.033429063555,30.4113116935736,60.77467799398231,1
2504.176805937475,32.71493843102928,70.96508373174802,1
3915.3746910650957,15.462021662251898,32.15132970619345,1
3871.231927016603,41.23988387356879,33.52634169965589,1
1157.2172453969686,42.754145316992016,73.08963944480757,0
3913.005245274837,31.724672449261426,34.21203303893736,1
985.545474067484,36.218830734887746,35.20701671254225,0
3794.6707541688475,42.497694948802994,29.665685216624208,1
2424.829866536273,36.50005317934088,88.24168675975244,1
3956.191380817251,20.147747625968137,74.058659522186,1
1036.3721096373808,32.238673762613125,51.74130911889862,0
1031.7773534886194,33.92549814478693,48.5666082459758,0
2423.180421557752,27.413882758024094,50.40504368716315,1
3896.2460095259753,36.99327616067608,77.29906760917265,1
3872.375246767419,43.25147836531079,69.65728751795602,1
2450.430226145956,42.66671931858941,41.72217380444664,1
3933.3430615402744,28.72577309762729,40.97057133878786,1
3837.964109740457,18.538120735188414,36.98123742421214,0
1130.1177055912285,44.0957021759356,69.57523710082035,0
3913.4558837688282,39.836612821473906,74.69078350313059,1
3873.913178266492,18.416776189418105,45.89046070168752,0
2343.9413278630805,42.87154337073557,30.709319364581205,1
2491.976003301375,40.97612509881579,34.90840073766556,1
1092.0991075322652,30.26500997565359,90.2040656659674,0
3863.6270052384284,33.18465843372811,46.78337747671509,1
3913.2930070216394,27.178934870501102,76.13253502920388,1
3859.3276487937273,16.528004803016717,67.13195694667439,1
1239.441677078192,25.04605921116331,53.36912096699494,0
1203.9429063721718,38.70340867269321,42.37371954947809,0
2419.59742357348,15.101392547547741,37.12877839515947,1
1060.1226838254024,25.090200759452692,65.98420464219183,0
3948.5829370299684,27.216909127754967,76.05239070056426,1
3866.538474277345,31.242028372356472,67.94547029768974,1
1205.6797927552848,42.75177306028847,62.15733695518935,0
3930.991644425065,25.137654595644317,33.45639849219805,1
3898.5534911308446,25.82298942486268,87.93858227240918,1
1177.373417031131,37.300078152736255,79.80537198405032,0
1080.856321799325,28.65574973772143,46.67953655883711,0
3861.714054341114,22.007976635105997,89.7723180641139,1
4061.655094274531,28.53104206565,65.3079525591647,1
3935.10458910272,18.73382370074329,65.43207670813615,1
2406.2614018931217,20.383893940162324,75.82547210682019,1
2428.663937686044,30.357896044207806,79.45932981188075,1
2328.3247093013683,27.174542256258235,68.04158061064854,1
1216.537507987279,42.3994117390721,39.22179824533303,0
2341.564011508296,25.6220116081486,50.98651977005804,1
1112.2579236856247,32.65005029593392,84.60354667264552,0
1180.7793965867004,34.30681392065085,43.8233586157708,0
2395.7700267201367,15.53405483643898,52.078596875606344,1
2340.5604505138617,34.88412990128303,55.78942523980943,1
2495.7896118172625,19.36656349537659,56.56717089178367,1
3825.879486785523,43.97133455850902,67.09921004887721,1
2430.030823807167,19.811972041035403,85.51001529205028,1
3955.3827188202913,27.129904488743474,43.09952300545646,1
1086.4137596253827,16.646714827127703,37.50932015830026,0
3877.165934327637,45.444283773064065,42.40795868722452,0
2355.351283199271,29.70019870529621,83.66459288210926,1
1150.4690615712643,33.39472810865089,69.7962232152983,0
1096.8776007232163,17.17046177001424,48.274633686250276,0
1084.644976037219,37.6644266611246,78.67486546372822,0
3860.475268814572,21.318270321625914,81.08915947678891,1
2427.509111582223,41.4902468210676,80.62698074535983,1
1127.6564694592166,20.89740779292313,85.14360661547887,0
1109.973051710782,20.917998721761567,45.01924197636281,0
1164.1322473603543,15.18020208858158,77.83647316580127,0
3842.154548102086,29.337941571410067,56.82289474853503,1
3928.8644160976355,32.06585597221844,79.95864049468919,1
2496.401045242469,16.899749815929,74.18144149914488,1
3839.5209814613154,38.252357267524474,78.31488485723375,1
1157.0999788348697,28.73282976226697,68.98249379619489,0
2438.8622025250675,30.81787387081828,41.03320795940326,1
1040.3945017559415,28.514399691101,61.761787080624366,0
1195.3314819902428,26.68635634920726,89.33604099963671,0
3949.5133094998682,31.679137724608516,86.53706838821287,1
2517.1197338780285,19.903364268826564,32.89710418885713,1
3795.5981696236786,20.050613316094907,40.79190944468233,1
3924.6120186151707,41.16822659405449,38.451787754892656,1
2508.798651423166,43.269457747475144,73.66273178617949,1
1043.1402254081427,25.64188685866963,77.64931195186513,0
1051.3517799072636,23.79946947539987,41.471377921402855,1
2417.6319573491787,33.755998084518545,59.83279174661752,1
1111.70971866003,26.956678863843923,81.38207163621864,0
2522.772780475039,14.780677344328268,73.37897794838761,1
2438.3840564245925,20.17571895295305,62.14242412747746,1
3890.85931549687,35.97466818607551,64.0987490315989,1
2517.703547942707,33.97217433109799,62.51018212823498,1
3933.4924787544232,16.109441029667,48.349277328069626,1
1087.5415633895682,21.830167334717828,63.7383868156225,0
1133.6463309481462,21.91755196491479,70.51339571087114,0
1052.1866564482655,34.72750494249246,83.23682495584232,0
1066.6702875133487,14.7573776537091,68.51977425744205,0
3978.659265696139,18.460427457466064,75.14689574372541,0
1011.2041310921627,38.93892330552343,39.46695961045071,0
2379.5433129219277,20.596667485690105,59.28625535058748,1
2447.718807326962,34.65237280865639,29.751491543599595,1
2514.9587505826876,22.112710297898982,44.301347367255985,1
3895.6441897826385,18.189081469868306,73.70778309697775,1
1171.0149590652472,22.46262983913687,89.2636831954396,0
1124.9558400171002,36.88591806251228,34.83249748972076,0
1167.7687121552262,40.53965873888349,53.85217902494995,0
3934.9930249144018,40.2324621576737,77.3997560620569,1
2480.941272899984,26.671073847186932,43.81161001803513,1
2387.6115219504377,35.14699902154374,62.63056798543449,1
1229.1805463632386,20.609669645514852,74.4365666214368,0
2392.9491196112663,23.639992548127555,67.35032587691478,1
2505.069565892752,42.598097473749824,39.95579028225096,1
3907.3204723839535,16.026596517857296,49.869409903668405,1
3909.988726849226,17.564347104977113,77.38506993087927,1
3847.8094924864854,20.61046150895225,61.603441732678746,1
3947.8677684132263,16.27748253032454,30.574857928747267,1
1071.436535501359,19.73519307414674,76.14535898543343,0
3829.0144482306014,32.181023350951946,31.612740704618606,1
2423.6972207976573,27.31169107584063,74.77288681224586,1
1066.4201436488013,42.08604590889522,43.03817647808076,0
2441.210709491698,39.72507520351038,89.31116453569406,1
2367.9047482164856,24.716559768738467,52.675915215263345,1
2546.3793442293813,22.66909000395118,51.10537676008372,0
3897.5178463858174,26.0938122713842,38.07876173086849,1
3928.0144513558503,32.30980099139,48.40635823480339,1
1192.6043744522026,22.908111017873516,83.73244401073045,0
1032.5049676705278,33.49160984948339,88.56632878963264,0
3896.176805490479,27.622570336181347,52.163424420135165,1
2505.210646476493,31.234670818319913,57.11100715149072,1
1071.8187030703962,28.241536328470296,73.75875359980631,0
3925.3241472289837,23.367047239487363,82.40429671465948,1
3851.701321966641,43.349414533281326,65.65786264624771,1
3932.5161913359416,37.538286805255,52.11058339154126,1
2558.3495894452017,18.709927017609772,55.47868111456363,1
3893.7890612099263,41.16364290508036,71.7357514016738,1
3869.979710686461,29.825291316043845,29.81479261219199,1
3958.7347425685275,42.08448482597663,67.69253988930501,1
3862.9828970705753,38.89257468899427,50.30494694987758,1
1081.8007543719227,27.30431627163157,78.78442655383952,0
1104.89161167814,15.748439361413247,35.385238350113205,0
3903.305279466508,24.135344529330553,65.03325014509811,1
2397.783979942239,31.48004508701023,56.67981588390602,1
1105.6595469916567,33.84222893320814,67.68361217814021,0
3921.053414729335,22.76017689693578,32.33654864948491,1
1065.00619092088,17.921000974544537,65.05198656508372,0
1118.210125376288,39.70192770842976,64.15494926219914,0
2361.616639180684,44.11053181619219,63.99945311863399,1
3852.5951381690224,30.743378467163115,65.7230847722486,1
3868.4869070282266,19.990218595428455,69.97846349993262,1
2452.305887236884,22.89535709937687,78.31287054901019,1
2393.302660888633,14.882556263468294,46.97626383522536,1
3920.5824626884864,43.427142580718645,78.6024862915702,1
3880.043478108805,18.47648565026987,60.74872111463141,1
2405.9837648504335,31.784759864428484,35.665292141931786,1
1083.8815841451717,23.604865354814255,34.17048965384728,0
1100.289695290655,31.549315460803204,49.71655506831159,0
2434.1306635093865,34.91904138741251,76.40684949479784,1
1108.2280442440217,39.40437782363281,71.60339018536996,0
2433.2296997795806,20.337741188495553,79.09423181920019,1
1033.7342352589098,15.312390785700545,62.04378907452253,0
1052.6253708319257,18.102278096023568,56.028152105391015,0
3841.9436034113805,41.00774908711725,39.092883255348454,1
3903.849715364541,41.71491288649264,48.72480037249932,1
1010.4989193347799,32.745006177141434,55.964962048314554,0
1154.7187548143843,33.63070637354964,36.363574229687735,1
3907.8235676480763,35.299791251044056,42.68425982899145,1
3901.635414000557,19.741572936224614,65.94758690565425,1
3897.0722803701033,43.18344196945097,73.942277786732,0
2440.1521661979864,27.66646333103686,89.50854561785785,1
1056.0821231100808,27.0606152115471,85.1407099666793,0
3816.017781081198,30.864219897470832,69.55258466069517,1
1076.1707653829185,16.218800047628264,55.51859099324117,0
2394.4973378303216,19.64756749609415,68.9293340868252,1
2469.7394686432267,37.712853082316606,76.05867697680887,1
3863.2495706678515,17.606592781234983,36.301777593879294,1
2471.7167495999042,33.62866817495818,54.0911182164697,1
1104.2081944009587,22.99532211083889,81.9400980528678,0
3934.6740437804156,26.93768469859871,52.29358703918466,1
1122.553622911841,23.903662140942398,64.1308815848308,0
1067.967463998791,25.111360477064057,63.767283607056626,0
2323.543943566159,36.82409336230635,41.19597317677481,1
2407.316783620996,23.769091192670857,51.91566777322433,1
2425.58385637343,31.407474687348405,50.85818526755189,1
2452.4018124848685,29.39748016765103,32.294241857543355,1
2388.4439805553366,35.439487858566416,31.330711932427505,1
3942.8447893705625,43.42521240215417,79.00580455546147,1
1130.775486587051,37.11946329436987,46.41039390536134,1
1096.6001375206622,21.410750154019308,61.78571088507046,0
1135.067494230717,15.948786998865213,46.63666554086359,0
1130.2915855525075,23.183515828907545,88.42497242593177,0
2496.5352649953306,32.02403728306305,45.625454775969786,1
1205.6451697635202,16.81472698315458,56.06288754237196,0
3943.5102343262524,29.61954540610376,82.77619134779927,1
3877.6684551730928,32.8967269439704,81.23059708981916,1
1048.9743508053818,25.589053228553382,40.80138879757592,0
1116.91488132793,37.51655310715639,78.77949393000706,0
3974.767590163413,17.973493495782673,56.53359050495163,1
3907.9059286347106,17.888629854305695,57.727559174946144,1
2371.6980898821976,36.647573923373365,37.30121113578342,1
3845.2414187704717,28.951416498987967,35.34418163929746,0
2454.3812675270137,34.911141305803504,74.93326198760478,1
2531.19051583014,27.717322643991707,60.79387512126375,1
2402.2136063307767,22.471052565257505,55.49015589072792,1
2561.69738260526,39.44396553556804,73.87956226880165,1
2395.636871889025,39.79426452440724,77.5580725821734,1
1195.320228660136,36.258032921024956,38.99557810810431,0
3939.368801257026,23.161282493389137,67.74552645472293,0
2498.8508624278406,32.423751419975126,38.938791670794984,1
3931.025367602352,24.619564185394893,75.77335271201741,1
3867.2930524554204,17.36102651386758,68.68995530843448,1
2427.2615291393176,42.728778894099925,86.21909859145225,1
1112.862914030553,19.356104322302695,35.743380750598504,0
2373.392804578796,43.35464188795924,33.648980552406655,1
1167.653679074733,28.2474899706574,47.965112075847884,0
3781.145956520864,20.007356644101215,46.00306405177343,1
1021.2739536005298,30.74479865019412,44.363494239535754,1
1146.1410111180805,40.361475111882385,84.52216560950167,0
1161.1052222582284,36.8817238205562,44.65463763679831,0
3914.988973640418,39.113047743602635,47.516358549454296,1
3828.4059962751294,34.74097708677544,75.74131043837016,1
1080.3452162966894,34.51602501567597,56.84560208855412,0
1153.5072777030166,40.815231566917156,76.90864744285331,0
2372.181351897101,22.662449254231507,33.4273509102158,1
1122.2259583000623,29.73574171138353,58.412099554673944,0
2383.934519073742,21.791121597857888,31.826095006793203,1
1053.9198895030702,44.22756007021689,33.4971230414928,0
2524.7254765487983,43.092338221720475,84.3741546540361,1
3897.8159902208854,15.689522154331483,36.83419187457579,1
1043.2565859891238,36.27501470268512,62.02056830254746,0
1142.1910410326952,42.799645708261686,54.57124446231636,0
1067.4389876291912,20.803069893700407,50.047761146525595,0
1038.4639874933582,32.285670673105784,82.84008648257297,0
2573.172062128877,42.49953698152087,31.60949007589996,1
1055.7429805385605,15.880880769623746,69.45928200491738,1
3860.9967133299165,36.1986659053961,87.41588443651213,1
3950.2204601223557,25.081981944681175,63.355172039519935,1
1110.7153499482115,42.89739193647606,87.7718604104673,0
3887.2709717340117,43.77018260100284,32.04319130462376,1
1098.682213246805,43.13243957707429,56.86133178300727,0
1203.2698575094832,28.7752984851312,44.99640163943676,0
3896.2210559571668,41.47066133566781,73.89843455483201,1
1064.9655014889092,40.310801434213225,88.335726083739,0
3926.4731773723465,24.26377853101987,44.95152735156552,1
2501.484756300516,39.53235202531429,68.00311898271896,1
1107.4354528079446,15.953013338613475,42.326979183554165,0
2453.16544451019,32.874175525599384,63.867162294198415,1
3849.8948739520843,21.936615840193234,58.59610100635286,1
2379.300296089179,18.614652579075422,89.21598154767203,1
2463.9198896501443,17.879705316198702,66.02158544221092,1
3787.245157060914,35.97617490416284,51.283117624068744,1
2513.2998128686695,25.714442945092443,37.30871507193566,1
2478.794905763661,36.659342756435606,38.023262946159214,1
3898.7358969661877,17.389226631607382,44.08515957996681,1
2482.709669090964,24.272150155171435,44.828952370741696,1
3919.661150226068,30.946386806485588,80.5921319360252,1
2452.05026236263,39.05355347509919,63.50126392652391,1
3825.4433967288946,24.24166395189797,61.579131950732325,1
3902.958648815972,33.88195411303998,37.33577533840343,0
2435.3324746764324,41.69493313190314,81.56954373451218,0
2500.729445844802,34.10059265927022,72.34327702786008,1
2420.3947247516408,22.003056596347218,33.82987454520349,1
1204.589338712645,15.829698576238158,71.77543271452994,0
1136.127867812928,41.22114817464975,62.8746745110601,0
1205.4449677316484,15.79107263578929,34.6415976294176,0
3780.1209280615512,41.16891358851935,58.624502276089764,1
2429.783389014391,29.891145914126724,58.651914963099266,1
3948.800701406239,43.41008188986963,39.22203350768143,1
1069.6549385480942,38.784371929011385,86.17026534423664,0
2318.8639766710853,45.27105346517256,82.08279880792719,1
3805.11578437158,26.063844452436086,70.05247762217459,1
2505.100916816892,38.03220024828709,57.854647589069685,1
3913.310359037431,26.713350440444184,55.73639815883054,1
2370.8356581251724,29.220912521552908,69.51061229881432,1
1072.8643288619314,34.164273853312814,63.9126649338839,0
1159.936926650659,40.36590236421712,33.84493560184155,0
2493.8602482264473,43.94822149918638,61.374308923616894,1
3930.191476049267,37.519565456711014,79.10378405709011,1
1117.6035104035736,27.81665887161269,56.720900327616896,0
1110.5906468968033,26.897149858217116,31.153376877207165,0
1110.0580696675254,37.60748012278404,77.39486250221242,0
2431.3696760945386,22.08152384939564,41.268817559585464,1
2422.305328452772,18.49813549199511,45.14184934560959,1
3934.9478714550964,25.724136645683583,40.155791664919334,1
3942.848444135939,23.387432341509555,50.38165233021457,1
3869.8861669530957,24.037318360884854,74.84808054360023,1
2382.890386666422,22.048298124092828,59.537073085027984,1
2418.0478564670766,15.562195625298974,42.965004426538265,1
3952.086337330374,15.159417154833992,83.03924584867859,1
3943.447697031723,45.02527169547192,82.95988577069332,1
2477.0162205795727,27.549996757032385,82.30640274937193,1
3865.2727838642945,26.20976750481625,44.358879145524554,1
1121.885360162788,35.896867425968296,57.30307043564448,0
2471.7306594270062,21.832537442994493,91.41751096707644,1
3788.4316539944107,43.19880227020466,77.59219498577097,1
2414.85814404814,38.976681743574616,31.828439888249818,1
1222.4576947384485,17.19688611699438,34.96613901098028,0
2535.1093912251276,27.08499791040212,58.51114699695839,1
2379.7551163817566,41.38670379740995,84.33189254407637,1
2297.5166873001517,43.5269848245781,62.44574501385944,0
2519.6315030660867,29.288587551396308,61.844751414722474,1
1108.1248640877072,33.3563161412777,36.16940524847788,0
2409.8471487902784,19.04813704951779,69.21687750366993,1
2316.6793039673753,44.932207142774175,78.2565761699065,1
3840.827131279727,21.658196647506752,52.64843382269124,1
2435.3929950661077,43.75493463652976,76.03856272446792,1
3919.4735088054867,35.68043105894526,88.19408291864953,1
1091.6725446037597,32.89228716874998,42.05836695765209,0
1051.2913082560385,30.497828454871307,61.489089823448126,0
978.2798566439664,21.912000523011713,48.15650701914656,0
1079.1631964548642,20.011088676732513,76.38292993918634,0
3785.6874487469554,21.97716824850561,64.49906789859554,1
2479.1743452287274,21.26101444196926,68.86956684309011,1
1070.9659675986647,38.45071632100577,77.34457750940847,0
2394.472402574746,25.653272069472905,53.04033363273519,1
3765.594429110267,16.347926350580146,84.64070390305056,1
3979.052986317235,43.85896303509979,62.4232919369072,1
3882.3695616835053,42.04845691573449,40.475342354311074,1
1169.2996295770204,42.07631453611848,71.93225682719816,0
2478.425750496131,45.01363767218725,78.14477691034837,1
2438.3387893999497,19.89202970519485,47.54187001250946,1
2398.0611265102157,28.055282732338036,81.01185720914353,1
3779.8855403202547,38.06668959008681,85.10647194449136,1
1175.6594867692172,36.08602958060984,47.343642461314516,0
3997.2954878609585,19.291748796132378,88.19717034732516,1
3829.3687911572674,39.35908186315551,39.679089567910694,1
2465.2155736695463,21.946353680365768,40.55169684129309,1
3852.3365038990814,20.91393067081085,42.06374790061713,0
2525.729195964017,31.449230394020287,82.78823072576242,1
1186.7999285147337,32.677744269145165,68.21002181491694,0
2379.8176986498706,32.21497911346625,39.1690209246243,1
1092.7680364682203,17.128488493998177,57.465950643308474,0
2426.3824714151397,41.012531584054834,67.8755723237701,1
3824.2866146760985,22.257582389356998,36.10542859316434,1
4000.223427867273,18.683910577747643,82.90533069409861,1
1036.3889271312582,41.66483789914081,77.80589275809176,0
1096.1563070387956,43.848037574374686,59.36520150998338,0
1081.297496606893,40.07713313154321,87.72140278798256,0
2429.6537906349376,39.38534989488432,55.272305397231236,1
2486.721606774208,33.985754250798266,87.76463153622181,1
1132.2664739480097,30.636455151598163,70.23330544647203,0
3824.4647518274337,18.295565080113846,68.29630401062836,1
2422.4600993673857,27.789050598598568,39.04005677933387,1
2385.0243249655246,25.630488685369208,82.16952628970009,1
2438.4969774938063,23.008044082234356,56.478655131935966,1
997.5910120103662,36.62764764444625,38.7781575123869,0
1090.2536663524477,30.894286595292627,31.008196434460633,0
1153.46653683291,18.286516017527664,64.5577433807914,0
1076.370756164773,21.04905878497917,61.61797640079174,0
1069.5164107653377,34.83286313412629,73.36902709381022,0
3907.2137630606867,18.055502611775026,83.10344460333322,1
3908.028281529049,40.2459647683645,35.51754699138274,1
1094.8694873025818,29.34298550443535,73.87816930650186,0
2457.345351666075,29.528931428095202,42.14685440306245,1
1019.1435809083008,32.404682516418696,82.04247147429815,0
3850.500793510225,39.84530732949419,77.0566606206208,1
4047.4038998558385,25.316642070394398,63.47747175206757,1
2415.723024347257,35.52134984978612,73.90142255968489,1
3958.7063202594995,31.882788587311783,48.744343231463546,1
1159.4231315178556,24.028461761637956,58.435927273169554,0
2546.9813346502015,41.253609891692356,80.11932686027264,1
1165.0070935659935,38.74398180201639,56.911519957911864,0
1167.5380884762365,34.52172351898204,50.69647479120105,0
2395.864482752869,40.2838512063845,60.39162154616594,1
1131.4702557241892,41.3309508974767,80.05841611908482,0
3858.021026317332,36.554921482946085,51.13240787627391,1
1135.4447224364458,40.30651132148428,39.76407305700827,0
2447.1199733692383,35.56640645360814,72.70011600130645,1
2341.1454908069236,34.692204419170274,79.39390466058636,1
2403.618799535151,33.604915167108416,35.922004132092034,1
1103.727488353418,37.84693526521546,43.992854329075264,0
2422.4436321846347,20.39274140173076,38.52097959791162,1
2424.7457457610867,41.46210959737255,50.73729992514994,1
1061.3989430135678,40.720028332023745,56.362561363809235,0
3941.947612101826,15.602693653655773,74.79595006984388,1
1142.0954689574062,39.65308589348013,69.61516061964087,0
2346.837276143253,18.808300628840772,67.32376584252383,1
2436.323975899893,24.33266702109284,52.180241086659095,1
1053.0964206351364,37.45136969529583,80.49372277362028,0
3949.4313117617016,20.77684117369957,57.16422671878258,1
2397.869760087196,39.62148091131958,87.79287425744857,1
2479.7557506892417,40.33185114227673,68.53108085500193,1
2448.536984525279,30.821412362438604,36.5791002371089,1
1105.734584544551,14.869357061493986,71.33825067025509,0
2330.097948672857,23.598895589077934,49.795400909676324,1
3837.7853941757526,33.23470305899655,71.19289693486175,1
2489.649713516639,43.98511310117412,33.438013266917984,1
2499.4050700528874,33.8353512038108,39.822220269804,0
3933.6946564441196,22.581186774937297,82.23043753294297,1
2397.022546375573,33.95056603775846,44.4458583205295,1
1089.053566471583,31.529304038331777,80.16592945484678,0
1215.3905350592618,39.07956387328332,45.61101645354285,0
1131.882290604817,17.853355374835967,68.73809883031319,0
3895.912102888447,37.37054400007393,72.56202979339545,1
2446.6328025760463,31.113836623260656,60.3813937502868,1
1109.9979063038809,44.06767121154304,48.21084279161854,0
3729.925903180875,25.26353164342956,41.51531285676351,1
2423.0153218518735,33.366074688655445,30.7695618544841,1
3962.6725050796535,42.821239285584966,47.89464330095302,1
1129.609570720802,17.91366368941779,71.00440446193163,0
1086.3780669373036,43.276099231548365,87.13577413013432,0
1193.6794175387136,35.312955516551796,81.91175469727267,1
3964.930944284555,17.38840972246158,76.89127912795529,1
3813.6840176504493,24.70404660674411,76.65008884978855,1
1113.0028227442986,36.18051721365448,69.14135921984906,0
3811.1760366130725,16.25996177521078,45.71987072835425,1
1014.7226810853733,31.970615144343494,84.24363509040931,0
951.0098678325978,25.716233396900314,68.16529072360277,0
2430.5728247834986,33.63401596986032,64.09054276162638,1
3889.615063821011,17.252344857241145,36.84595218495377,0
1162.286707201127,40.8305754585775,56.92749135906063,0
1190.5505004109705,44.10100149359041,57.78730828439079,0
3948.1235087379523,43.74262207989108,80.00936364567646,1
2449.6236832830937,37.920749921278606,61.63320425435228,1
2473.3493500423247,19.197837131239215,50.8630297284138,1
1048.4264480200018,37.57526039562528,88.45308510733503,1
3849.478558658428,15.390005272690022,38.084972440627176,1
2428.8455679775216,15.360572455342776,55.317394984305764,1
3922.7318306204543,24.73082273519504,32.34403026626356,1
3854.8066596329745,29.370516109995915,73.87860788217286,1
1121.3866517224044,37.67862404911779,85.4238073296645,0
2515.850226487799,35.64091425018874,46.48345393575329,1
1027.7224046666697,29.065351582644322,80.49130239213292,0
2483.553918833107,23.487281099859498,47.328869172171395,1
2419.9526010181644,44.11311383597345,84.9309071215775,1
2470.4715997213425,27.31045119301019,75.10331047087381,1
2437.1664230468978,28.796564342275385,78.29768695214284,1
2341.943541307799,19.677589293570303,31.27414420954995,1
3940.151457589546,38.57491243234752,89.65557787257053,1
993.6000387966371,35.5646164050529,73.52863892562873,0
3880.513322306504,21.085705819137374,48.67136867896635,1
2456.2336514183985,17.49234911816722,80.04991167150268,1
1077.7519136505496,34.70958762420162,46.27313449656873,0
2443.986514937394,34.70631525035757,82.40092185778448,1
1133.3965692835407,22.944326656153002,36.77783715892631,0
3924.7346089020357,43.488883297048865,71.14873013378352,1
1046.9845428353701,19.894101994811304,63.642984857410404,0
1169.2485903266534,28.0712957751906,34.75430670896469,1
1101.6365699153578,43.98983449776349,45.04710657918168,0
1090.128331946514,27.865986080569442,29.649325893090534,0
1062.194340257721,33.682922708594056,58.53110689562255,0
2475.8603283615776,26.860742753660364,47.32297053246775,1
1100.8699755049727,23.014240693088812,65.2147123626975,0
1121.3968987684088,44.18874116618138,46.48321418137908,0
3815.0910384333433,26.58077936279348,48.20863798644665,1
1110.6060572363165,41.86681661878449,75.09853960520405,0
3960.202760907244,21.64032897046969,33.23917712996163,1
2344.615891333759,21.994447123521315,83.09997106823198,1
1061.3698284650316,15.673339395338068,79.81934807885263,0
3893.863943798068,34.6432961014688,69.90490231403406,1
3803.8684840116307,26.920817959524626,66.06703299116654,1
2585.727699448375,40.57960975924407,84.36437078781739,1
1146.589316443638,29.06956671652322,42.33691211292336,0
1078.802821945752,43.88840482278635,31.743869387494687,0
3915.404199239427,19.987661871852126,43.89558586667215,1
1043.2806807043276,40.8989680014205,78.05756542159162,0
3892.6375097234672,38.60740623749772,33.17188420922772,1
1080.8978445323703,37.91893457258099,65.79449767626696,0
3951.3388672104347,40.66649574577236,88.9049495557216,1
1126.183923992599,37.878463882938014,82.24962401098645,0
2402.220799650372,33.05973963510468,61.88210479467663,1
955.6125754169555,18.61830644404096,32.935897713784186,0
1043.0681100699303,15.649105225285036,80.93245590643231,0
2481.9514067255154,42.515646430241524,66.91651692339865,1
1041.2163592606935,32.97689400128527,37.640874746525604,0
2468.1666385782623,38.6953809402206,34.65204578922694,1
1185.5244803551452,28.695470590624524,84.06143713585344,0
3905.078933199167,19.305235990783686,70.48245869764105,1
3919.4825789866727,18.507244603462187,80.2475503301475,1
1108.0256999613373,34.87417083762323,83.42267963005787,0
1157.5249940163974,28.25955387708762,64.33508811069179,0
1047.2884610808399,20.00862188843899,61.18224762435646,0
3953.907703640356,30.182024708544212,56.52954789551001,0
1097.7537178395698,17.400551214562828,49.8139306468195,0
3867.8173064906214,32.75423132473803,55.61346632367859,1
2465.899676917597,22.503209607953092,75.37856107964171,1
3952.549608606612,39.335677453835366,66.66192721974481,1
3897.033492925337,23.267936083262978,83.48681318934592,1
2460.987932218442,28.423387645990672,55.98823930652853,1
3974.6483715249274,15.322321951827762,66.81765809896075,1
1146.2950716936602,16.736643111181046,68.04510416397716,0
1177.5088126385401,27.568236798471343,65.5362768604332,0
3878.3850947657716,29.51549632715872,72.36817541411408,1
1181.3489878741602,32.56605339981379,44.00460369370136,0
3828.0782275113415,23.308465576201705,61.06664040577579,1
1148.3393014436394,35.56623299401994,36.91945819303386,0
1165.603481775312,41.64746832286321,53.1308397728315,0
3855.3932774791006,37.95831480579325,58.309672873456634,1
1173.5112723286336,15.527775985325677,70.18382399956424,0
3842.3086238453975,29.116364806145167,86.90113906334786,0
1061.7375507056397,18.55437598397078,67.60316303026373,0
1064.3823523570309,22.072835664823007,74.4747626792808,0
2465.958757417135,44.53293766176241,61.572541846452566,1
2500.6087384480297,18.75784257614097,68.49560274728569,1
3978.992376429756,29.750852444566252,34.00211493080374,1
2404.7862212861437,33.32351771312683,43.82437268983283,1
3815.995071994845,36.107738253057505,53.01673886725069,1
2399.904073130233,31.509130416542146,59.817247559881096,1
1038.5865538864891,14.568596210751677,32.024289100931284,0
3854.0760975865405,24.031710719374097,38.291003535122904,1
3946.269205099642,29.97049715204458,46.68439902215879,1
1124.655065718785,17.59962802662823,88.45213051660727,0
3903.290879749913,25.164347397762814,51.17342217210601,1
3963.395468550064,16.515057366129717,59.7968090559969,1
2344.8811610515822,17.76124476037478,42.3313514905887,1
3804.0815687550476,26.81396797989812,66.88555233391511,1
1197.2306537551153,19.297551337122076,46.09526213879745,0
2532.00852767131,32.04531941174378,42.19887904490652,1
2416.282605489393,34.97585695168542,60.89967606896861,1
1130.4656369511154,38.84952113715325,30.693009051067396,1
1052.5403586395905,20.94304348331006,30.732873680041823,0
2445.852216404476,19.32427512402262,42.76546415406205,1
3987.982845867319,17.922261374322634,32.216916540350006,1
2430.035917824133,34.77687449486536,37.59455171060378,1
1148.2061617506188,35.76980504461444,50.641452143237196,1
2467.4970905777564,15.64289709471845,77.40427662363034,1
1199.5593004982074,42.95517600509337,65.71591615513714,0
2492.052763741887,16.737028568200117,61.15039435106157,1
3811.869314319955,31.329072141716754,48.83157973360098,1
2473.9856033989336,36.339127486290785,87.38185384989103,1
2424.412144470448,40.858862707165756,53.95359012656051,1
1145.8565394956747,35.67341481136779,35.47127933233145,0
1148.3671770744154,38.934241867069694,67.9788029449473,0
1138.688095741653,26.117441673145947,36.18287140564062,0
2482.532433712721,39.00106105860101,49.3200549378949,0
3775.528846084275,17.6382282869098,60.60363928113222,1
1074.5891505735028,41.07100924640644,81.85785879690653,0
1102.2341980366587,31.773701602982324,59.59853191622057,0
2449.422654942745,39.35488794061837,73.64431853724778,1
1043.736716263652,28.264585044459995,89.14432709729255,0
3923.053033507458,33.85424591229031,38.006411205147245,1
3901.436002782797,30.489244791917194,46.76851517174836,1
1044.3338397782477,36.46048855463367,53.76047943783896,0
1007.0303516938671,16.513472157749923,55.76928584426258,0
2495.021070212512,16.6069725196159,54.08502046543499,1
3949.535776716622,21.913485692575176,83.28068368871827,1
3932.4902883751092,19.790282288784304,73.76046763649045,1
979.5360061640548,40.54262158039346,66.4866749574294,0
2458.898894872706,21.945826186942604,48.713152062244255,1
3901.4214126061765,44.10612534696031,80.79965738729655,1
3828.8860387902982,25.26345563951789,86.45159660831297,1
2465.5995237257407,20.01125598709302,79.91347486035295,1
2441.41453926497,39.4518564920011,29.851512936918265,1
3916.316160135366,34.42119650035698,67.93576022347094,1
3898.0508854190684,29.27979474363352,31.84535197846099,1
2469.3233830553104,31.597192694995826,44.94500469674015,1
3849.830346243119,36.27141670737116,33.668562591160935,1
1127.4645321687872,20.941197369639635,67.4463665783467,0
1178.7708515058077,43.87353326267013,72.13206040932162,1
2495.3786268735744,44.243989160795394,35.75038605314099,1
2493.0903933443715,34.40456085455758,53.50376819078882,1
2561.9806025433727,21.09610879253263,56.58333204514124,1
1082.7897892967112,35.062541130723204,52.51708767296404,0
3845.877574966315,16.959724381709133,36.153615168121355,1
1094.4421061933947,15.99666432917442,52.82110464852124,0
3906.852554230897,22.7105551045797,74.41083939571489,1
1218.0762326496806,29.296715550197188,33.314758384268195,0
3939.9631232132124,41.59094652190405,34.92467543431685,1
1122.6813722648524,36.96263751231566,49.487157947932694,0
2424.3074980152096,37.17699696299164,87.73712281963556,1
1121.095593417328,27.635000952456878,70.0366217472182,0
3950.5571572218732,25.297545619294393,70.11796914685284,1
1086.2245806984993,26.541435058567927,52.1431662738688,0
1104.5329716597878,44.71302424170057,65.13684184528188,0
1090.9023983348013,15.913984344075088,30.353609298158382,0
2512.027049869609,40.54084536334077,67.5717096608457,1
1030.2302027322412,31.71874487643285,84.63611682119127,1
2399.660985449032,28.92679987943691,66.5104389352618,1
2508.7780717344053,37.17991302083311,82.24168229224301,1
1222.7399666928713,29.717185785752847,74.74342881251893,0
1181.9119561816133,41.38354037153067,37.88139257041359,0
1137.7087774431175,41.5220014461836,84.1966142074748,0
3953.467412969829,28.317253762979853,33.3650432257334,1
1132.2592280368744,23.370633963166153,61.93637612971121,0
2455.370134488098,32.8655865423437,38.995218290740944,1
1184.4936725277212,42.712887236006004,30.970296999153508,1
3998.692086123202,21.803946768793153,55.24235737461476,1
1032.3575191618465,33.25816823354471,48.50740170178566,0
3855.934114756794,33.50715655231778,58.50614345892862,1
3852.6685183399436,37.36438939083629,64.49679539475663,1
1023.474020467198,18.960570374966114,32.8160598944414,0
2407.5727971338074,36.978872916897686,37.01711705459008,1
3955.4180365020707,42.531254528376316,64.31778696511218,1
1039.1419575806158,20.433369954900055,50.544474417982514,0
1020.634128578277,22.608257354859884,73.04536046473562,0
2400.121104077133,43.69990853508091,69.7423068762009,1
3804.687741496608,20.698786495316902,81.63720686408645,1
3922.7368426987796,40.94235627966019,72.20471607724629,1
1047.674835987094,30.394076360026407,55.39902607044172,0
1098.2013631708396,22.271856869560562,70.80197678631201,0
2404.214016688099,41.15168144538839,45.45732518295862,1
2501.6410441474277,28.651692433558352,48.12672139613546,1
3865.15573523322,30.72566669313657,76.7290339973028,1
3899.173285062075,26.28352978709834,56.085421508708095,1
1123.0909915973032,32.92622493826037,77.81886260048454,0
3863.173635418818,20.43553383093003,78.82990985313164,1
2331.316844080543,27.011806345367198,80.41755657764719,1
2474.5887861872184,44.664570048506185,85.54130463427747,1
1163.305143613759,23.625020655113985,56.69299204748517,0
2453.915097567188,35.41472480425671,50.64558998252022,1
2536.207452265675,24.54106004819234,63.76401684923511,1
2403.3468653058453,38.511077745648684,52.40762788535344,1
2423.1853528822435,19.170656363293656,64.79580772430525,1
1110.0775740510599,44.582431846631835,72.80896372900727,0
1141.5847051512428,29.310359235851344,71.24724924791875,0
3854.6307114536717,22.600305137981696,53.483322812316274,1
2466.944922775198,17.134958731185897,40.01280211930225,1
3818.94425655706,20.57813404721413,56.76128797621684,1
1026.9467508403225,30.971624703290118,38.90420635174395,0
1043.5236058302937,24.584114271762317,83.72797856816052,0
1079.243745911683,40.660247572912866,51.57431097539741,0
1129.1042742642924,28.154759692283353,40.41552374117991,0
1150.4369663578918,22.679394693253027,30.681341742935533,0
1277.201715831492,33.033211043817985,68.47975957519317,0
1007.31800957452,36.43830619023451,68.34447928926357,0
2478.7883956194296,19.252786785922904,51.396186294398774,1
3845.799308296707,19.963589843662007,35.10623972362381,1
1116.9494331112428,16.24491515943064,55.26706503734987,0
2459.53499577181,36.943290756280675,48.529461829623116,1
2447.1234980446447,34.52355089493255,71.48634522020355,1
3908.5165055209463,29.271538951767912,67.3753423556707,1
1095.127210685502,40.24555296628256,51.4576073621716,0
3911.6299705018005,39.30463101960656,42.498850107842024,1
1091.8325183176191,32.27295413511811,88.67417399096539,0
2336.0168785560554,40.94742996532993,55.77185395921166,1
2408.5181231822366,20.908017642912647,72.20376577110721,0
2376.926388166896,18.025607217721326,38.10409457432411,1
2401.804727736834,23.689670697517595,58.153311186975465,1
3870.2908326083016,16.857431544812243,32.41226750158078,0
1080.2429369998674,30.098532093444845,60.197834743561955,0
1179.3617935111665,43.22124307065389,88.04496655144904,0
3831.1751136815237,15.671913988552372,53.06796459533306,1
1020.383944126732,19.004078208945213,31.609486400646734,0
2433.589133665376,27.743518573002,31.517673824755033,1
1034.1461785780734,42.00355997534292,53.74657125538271,0
2528.9056000808027,24.977288101927282,40.18948819597716,1
3868.304377572204,30.56852261446184,32.456759824004116,1
1109.8288159763847,15.73064276238191,74.94207312738698,0
3989.426686245442,19.417697349479667,54.643613932268366,1
1017.9495856173285,44.41378600626644,48.248136927391855,0
2419.372196738138,44.41343729952825,83.55114987170559,1
3779.6050355610937,14.933811536604006,37.2658697731373,1
1116.9885517893574,43.00695493452681,87.05220560614924,0
2588.614526401514,33.63572426341288,49.407909719261205,1
3772.030195139945,41.414280203942745,82.5345454611863,1
3915.0071106876617,28.078913876617037,66.42744754510078,1
1050.0078875619674,30.156022059068384,79.98367642213502,0
1077.3737491910779,29.831295740387322,88.87617969620757,0
1105.86192474785,35.20004629825901,47.00241800330102,0
2378.006971207305,18.957376695311915,88.69899590438861,0
1108.6473142394702,15.53071642153553,53.715279622316274,0
3918.796575825434,24.464688960254367,52.28728123218708,1
3852.95423127259,35.84523278007405,50.112149555523075,1
1132.8364472012224,21.1847806450113,62.808099664111154,0
1179.4756975520327,35.50342365956399,39.12639166072251,0
3824.2592074470012,43.78572116553015,62.99695552914107,1
2482.442026278559,17.805101012476108,61.936287209017415,1
1060.0645607024521,35.14771793209514,76.48176714112655,0
1193.0366232472772,28.222763329325563,79.98040450514216,0
3822.53940115845,41.89002079690949,55.21804662983328,1
1169.0414117939538,20.155157244284155,47.623011652425085,0
2371.486643116074,36.829889378020596,45.751141342382525,1
3893.2176465289567,40.53019526840389,41.116054717774524,1
1102.1056238163085,43.3629969098644,33.017103853179485,0
3960.6421588044336,35.40207762193283,49.20722535273286,1
1084.7486053794141,30.023918898985553,45.44417932743747,0
1055.389654659833,33.29717355861016,89.03841943959647,0
1074.125277670418,41.690440001584854,62.93210434195093,0
2453.597002163975,31.923669564716096,51.4870564524981,1
2371.0134081800284,16.23560011803062,64.92627406134982,1
3855.3802721979387,42.85596556529849,39.67482799322715,1
1109.8873324867832,35.379317010388704,55.60351728481509,0
1130.91875558071,35.38081688495962,68.17354908362545,0
2351.3328802819647,20.958988695235885,60.32311006221237,1
1120.9590563448805,34.99919982642713,53.2763627582796,0
2378.868838259531,27.24825650988775,90.52655552862532,1
1039.7273859885279,33.9790088073667,82.72521890926252,0
3846.2620358350505,17.840081621959204,66.32498172719484,1
1075.1966572577846,34.231754313368164,63.21780409831363,0
1119.073699871091,44.958337794018014,67.6578606854111,0
2340.6438630058474,16.450670462982206,43.869066728878636,1
1080.6989197590376,44.67492888680915,54.41211094847943,0
1151.5058478704682,27.279926110022735,32.855849191742536,0
2474.996899684908,41.39974488254703,57.568933689485746,1
3794.305071150674,37.79398962754728,62.348448653492476,1
3925.9839272608815,31.528813472475097,44.46195448351319,1
2406.260288506771,36.938567615880125,87.12054710416425,1
2327.1543031913247,41.4554791602133,86.04453744729588,1
2431.4143950993575,26.317081159955155,74.00167848023034,1
2342.030592312092,24.28369050134225,61.797619239019284,1
2442.028985627133,34.58788611673956,81.95895073484382,1
3932.920917679846,39.607044796649255,38.9185838219253,1
4001.2551333847464,38.22177654862497,77.24364167022819,1
2484.169124202135,39.13796157225394,37.92601545431383,1
1112.140291642188,27.669719122633225,76.76585564340161,0
2429.4429881839656,39.599971643375376,45.960002622419495,1
1126.223226795775,19.51377016241372,81.12086315759213,0
2468.3154795478467,31.30589898137755,87.03123838283811,1
2410.354911300863,15.10905772980164,39.039458722018715,1
3874.7407938330234,24.074410932242838,57.558772995944715,0
1020.9530044690124,26.27872757354368,87.25011757394299,0
1160.8586328615072,27.072528963730402,59.37826532045786,0
3768.160231799552,35.7207019061778,82.80785698470761,1
3862.3257408451045,26.186560504123108,64.77473181424858,1
3888.093218865494,28.08949472826645,53.58402299226568,1
3888.299784960058,21.884019710436142,46.024540038288876,1
1129.7195775865932,26.398903391209455,41.510066017578644,0
974.039363401439,21.997237308700427,75.54676429874955,0
2454.2296750816713,18.049473474404355,53.16928661425659,1
2405.5986392486748,32.60306851491801,60.4070484516283,1
3901.1880844097514,35.0696332823951,61.02610307980356,1
3920.557205073852,33.52591876484114,64.0272982339192,1
3907.2587638872333,28.50924171383379,82.08974195694014,1
2462.8893649297956,26.29917063407722,88.30070731671843,1
2309.959376638507,41.39887873185845,54.80291909068487,1
2459.467857314084,29.891490403949597,80.84131459690151,1
2408.380729912667,29.249502081048767,74.94935476705476,1
2332.7526515757377,16.27402324567015,65.52149108891108,1
2425.528635386841,24.941130243196426,87.03760933256355,1
2414.9953601983725,25.882565630973318,41.77638632269217,1
3900.7603515548662,27.408739230844752,36.56813891605412,1
3801.802642804283,32.55936629665041,81.01696522263265,1
3970.4135494476895,31.63151549723841,57.61215342834374,1
3859.8664683029183,34.105001729878246,81.1208365574358,1
2528.059952013264,37.727286955990905,83.32785782552602,1
1117.6795865229956,39.45581157017238,34.82979311340631,1
2421.7177794507984,37.051623696205795,83.63947433492406,1
1089.789898627424,43.9512394179446,56.4909287617895,0
4026.4765580103704,14.38496421217907,61.20639620870343,1
2334.0314873028656,20.77492238692021,67.52170944524056,1
3978.2653695021704,14.925013225613533,86.71118151295126,1
2367.5492242839355,35.01157359577525,30.737819211111752,1
3896.2018538915477,41.79420936798057,59.71671015611106,1
1164.2394473405088,22.497896301097896,70.26977897152697,0
1061.087123470371,42.362436309857245,71.4232827923569,0
1174.1714314944484,16.66504581780555,71.25997807049932,0
2520.6055579397375,42.82548467696014,37.34115992433818,1
1089.1402676843506,25.054682005886008,48.260759221378414,0
2413.6194085029297,17.821385143632014,51.01066060221673,1
1095.9221063625328,29.612561963258916,77.81772817434337,0
1081.4717517004995,22.667741929997938,46.56824766137679,0
2436.7781374985057,23.25106604662564,43.5088090090142,1
2440.5404169355797,23.998952857090185,87.74392959925147,1
1097.744698956504,38.33459152500844,30.825885701516622,0
2376.6648171974916,31.582376606803862,89.66073029500102,1
1146.6348862720963,24.06436949631524,70.66959539041147,0
2504.248991004188,33.19268549418232,79.1985489353127,1
3929.4808057652485,36.76175561644473,47.203840454334234,0
3778.3937940716132,22.912666576608373,31.44317282094636,1
3847.65327507327,27.40170265295454,73.70505776631556,1
3781.443218327291,18.361980627597298,80.62928555181666,1
3756.3763898744446,20.544459937447225,73.40552441735639,1
1136.8144810345532,35.745076365793686,38.42270362155351,0
3882.291748068701,20.091466016138998,74.04504295870126,1
3989.163273626944,30.377612059936048,77.48766879776286,1
3842.8202188243163,36.50044268729917,68.53101586934908,1
3921.948168944435,18.0643070775479,75.69739528922268,1
2469.9049501022373,31.81475679356119,79.52343751685974,1
1145.5611859017622,22.19711413956866,67.26176861332935,0
3947.673944116743,43.724039569847115,36.33612076977916,1
3919.567209109305,29.20287865587528,60.46647055661259,1
3826.6746157444727,39.01548358797826,34.481003336137675,1
1136.6303290286469,31.993277729855777,55.36066676161104,0
2447.8026676969666,16.180140326281656,52.85138743383797,1
1026.8058143545113,34.76504467030587,32.37688755389644,0
2390.1121857097437,44.04130514240296,51.1101201532106,1
3945.1018631759957,33.2851020031639,37.92747370612251,1
3908.904070545436,39.865019726331965,77.8694140692202,1
1135.549419545954,41.35342874722121,86.47045528844652,0
1153.1952351663822,22.235624257131448,35.795353562800585,0
2527.881587616115,21.761420060321363,85.8229428244217,1
2539.578181079924,33.7297891119001,60.694003672487625,0
1143.7074940169452,26.87846437388637,48.50753981836007,0
2359.6842704007527,39.843345327203714,35.22407357829298,1
1163.3895669614508,42.14262867964695,59.79062145107258,0
2313.989346377523,25.511479593748305,78.13108999050695,1
1083.8749995664582,22.096269699140827,72.26508436975355,0
1083.5922738072318,38.448858376388145,32.778348094567185,0
1184.58366624075,22.28188069702175,33.90329383687072,0
2385.204760142531,39.77399174275837,54.238938159480085,1
2527.820358423081,28.563112382197584,47.05060684440178,1
2435.028613249318,35.112112551265135,43.25490548161443,1
1137.9554271041636,17.761601447047834,45.93938195833188,0
2419.0033654557105,33.280657183845655,79.10312386980695,1
2543.805426094952,28.659805090819464,85.84966494581377,1
1110.72217350936,33.11386961511015,55.30732209254861,0
3885.3824119487986,20.15058998507459,84.92960000269751,1
1036.9025973605617,37.63507537706955,50.78612056836669,1
2501.662037609645,40.34066303245814,56.88699614433871,1
1142.552213687897,21.17064743888611,43.809406618716594,1
3979.839761054176,17.58491436300342,68.10290292582135,0
1117.8338273507725,15.143265929948404,88.08517837813052,0
2436.4223229068675,34.12810560005609,66.73436760611379,1
4050.2667433106235,33.25605895688475,50.74282677372419,1
2516.1503747198394,30.707980238154214,67.6710446203913,1
3857.9487428338034,21.835035585528733,36.84125978820579,1
3890.1968945343833,26.84700492067532,84.2415753983046,1
1107.2177069758695,32.589204639392065,61.060218983707756,0
1055.2110921487247,29.190967692656884,58.00118136128676,0
2500.335765112476,44.28801515211234,64.80764476437135,1
1049.5342711516726,19.235645404937873,68.98101013055926,0
1142.2182332130149,36.30605421208725,35.01360468968274,0
3891.993182431888,27.602047632523867,71.59965906151415,1
1184.363725430385,27.645562261157707,43.016693379952166,0
3951.808276677998,36.68048031547633,72.58180351528063,1
3878.258682709598,36.887277158677676,78.79816294472697,1
3843.174790037284,44.77487540040566,79.2557423466834,1
2565.3680115637935,19.13852970939612,62.0542675347125,1
2547.770993685363,18.11479846617322,60.487627632390165,1
2373.2381822167554,37.09491821244697,38.778559863579616,1
3911.744887424623,32.91269881325687,75.82887093004875,1
2513.1700786032143,22.99839640370411,48.1511264462863,1
2469.259281471043,16.98123121816286,58.0547018819364,0
1148.2859092345493,17.40655371438084,46.92226245347931,0
2478.8410125933506,42.26640485313549,39.08521260227119,1
2367.7766890204452,21.377904858853704,67.27400651055437,1
3762.899507934443,24.187185707832683,33.44797953779845,1
3835.9931725365554,21.76129263722003,75.21047358362213,1
3881.6212984056965,25.434283075375745,47.97642037032428,1
3893.2556039979268,16.18211145624626,29.41637426764782,1
3838.9130688202263,30.467392682629168,60.483740828592836,1
3946.9278150094847,17.71898955820921,31.846974859006732,1
2549.0280022015227,38.67081577621806,46.71898637085169,1
3921.231098142719,23.077534860443446,71.95084385268369,1
3789.192346461279,31.850366712574196,33.042551296513864,1
1081.31024264703,40.91488091343549,80.05090975787692,0
2386.913589367501,34.82134221410705,30.298882144604438,0
2396.0306664146437,31.423069974575547,45.02937948853895,1
2329.3708612070577,25.13112901772975,74.61370108196301,1
3971.5764005195015,25.044102336673202,48.29332042765214,1
3880.3104138199533,35.43522742883144,35.44874436822313,1
3866.8066333454267,44.7274942974559,50.62264514536708,1
1058.7238873776846,34.930431177204014,47.26079384148662,0
3910.146851176662,31.713500739994988,79.84570188498738,1
1164.6640452665883,37.108582991697496,48.19128560486276,0
2486.419816760292,29.20022049551646,76.6342380574279,0
3886.19923184622,16.589353976534927,85.78388569378738,1
1132.4259404100658,31.9503582739724,56.436740488102465,0
1180.914381794574,43.692393389054,84.08776262287496,0
3940.3090895700066,20.182788514400745,51.71624548687094,1
2362.6358358469893,36.36712916855041,87.95825495336523,1
2401.265510656861,20.925808590735926,36.053832561985125,1
2418.2116132674,30.442685308521817,71.50220987554304,1
1171.140521815681,18.398128039569496,59.14639263246544,0
1174.6208616968718,28.60400339946744,54.32947942916532,0
1134.825830473973,37.0212755487231,69.46936163600257,0
1104.9630230976961,25.678706717159812,71.0721203881461,0
2463.9143054628494,35.42837906333151,31.931105893897236,1
3972.1295547147574,39.105216590806194,38.68508331017817,1
1109.5685242477389,42.556919381890026,72.9854431018163,0
1032.4029836821167,21.947600941279497,69.53702877062052,0
2403.6344384106055,26.744732887595184,87.84566888116797,1
3908.375794033566,18.482795499709077,73.6124762880575,1
3872.6204011493364,44.68825071421399,87.2094802615387,1
2393.3632745523273,42.81415715678991,72.26156262756597,1
2392.969278892565,31.640719247688196,48.035791984360614,1
3923.2965977206363,40.291024985527194,38.136417655445236,1
1136.1252774808997,30.415907493956247,77.61755642986145,0
3798.297792014685,33.75973271122893,68.92424485800672,1
2442.4968843631464,17.528159727941418,32.01802479978242,1
1056.8343088694082,37.70263123823161,50.64256242427285,0
1203.2873204776747,17.679611949679373,87.1290077370335,1
2441.3163909761324,40.003333827384836,59.23403826734504,0
2499.903277683511,37.85294167361095,55.4754341932248,1
2470.518589319763,36.71600540352158,56.25095560180719,1
4043.34650905251,15.693382352570252,41.40114101483957,1
3920.764871700197,23.941947099719595,51.6945605453842,1
1136.0821908707364,22.227267302173548,50.72062007260021,0
2400.815998829022,26.274204797212438,32.6634010588118,1
1193.5022363803887,18.153089090482204,76.2981128195004,0
1121.4386786393793,43.23172640233363,55.12803037166411,0
1081.0439956889643,31.504951110213796,78.40789954112242,0
975.5434371923267,24.647255098927523,81.15652326346878,0
2435.3554079070836,27.083223822000924,42.00510941746459,1
1044.7201648426476,28.292350891766,70.62126168082015,1
2368.1257412789664,31.87207022578534,57.88717396472963,1
2500.384210852374,29.7147566922323,81.79135116598495,1
3907.0798957894317,43.7025901263489,41.77291586643425,1
2355.068749559082,30.056623296636424,71.70788343304112,1
3856.289660636502,44.05759084952686,66.83925753704986,1
2470.1806445339334,41.31848561775724,48.28473810041248,1
2482.3811594522654,21.140984296823557,40.30197272787159,1
2412.218689876803,42.65097470744523,70.65918193484926,1
3807.6455341247365,17.68526922792834,74.41897126127033,1
3891.9006377769047,39.42410092864524,49.79495430565745,1
1050.033299314635,26.446684446614874,68.37934700846054,0
3841.005318457971,41.312258879448116,54.44326059612388,1
4013.336906691882,41.29440662155014,70.62669335817944,1
